Product ID,Customer Count,Total Revenue
P02291,3,1181.9700000000007
P19498,2,989.9900000000007
P32565,2,1006.0900000000007
P33162,1,1210.9200000000008
P39328,1,1129.0100000000007
P58225,3,1349.8200000000008
P61235,6,959.0200000000007
P76615,3,1087.9600000000007
P82222,2,950.0500000000006
P92449,4,966.1700000000006
